id,id_educational_center,id_geographical_area,id_market,id_country
1,3,1,1,1
2,14,1,1,1
3,13,1,1,1
4,7,1,1,1
5,4,1,1,1
6,15,1,1,1
7,12,1,1,1
8,9,1,1,1
9,101,1,1,1
10,6,1,1,1
11,8,1,1,1
12,10,1,1,1
13,11,1,1,1
14,1,1,1,1
15,2,2,5,1
16,3,1,1,2
17,14,1,1,2
18,13,1,1,2
19,7,1,1,2
20,4,1,1,2
21,15,1,1,2
22,12,1,1,2
23,9,1,1,2
24,101,1,1,2
25,6,1,1,2
26,8,1,1,2
27,10,1,1,2
28,11,1,1,2
29,1,1,1,2
30,2,2,5,2
31,3,1,1,3
32,14,1,1,3
33,13,1,1,3
34,7,1,1,3
35,4,1,1,3
36,15,1,1,3
37,12,1,1,3
38,9,1,1,3
39,101,1,1,3
40,6,1,1,3
41,8,1,1,3
42,10,1,1,3
43,11,1,1,3
44,1,1,1,3
45,2,2,5,3
46,3,2,5,4
47,14,2,5,4
48,13,2,5,4
49,7,2,5,4
50,4,2,5,4
51,15,2,5,4
52,12,2,5,4
53,9,2,5,4
54,101,2,5,4
55,6,2,5,4
56,8,2,5,4
57,10,2,5,4
58,11,2,5,4
59,1,2,5,4
60,2,2,5,4
61,3,2,5,5
62,14,2,5,5
63,13,2,5,5
64,7,2,5,5
65,4,2,5,5
66,15,2,5,5
67,12,2,5,5
68,9,2,5,5
69,101,2,5,5
70,6,2,5,5
71,8,2,5,5
72,10,2,5,5
73,11,2,5,5
74,1,2,5,5
75,2,2,5,5
76,3,1,1,6
77,14,1,1,6
78,13,1,1,6
79,7,1,1,6
80,4,1,1,6
81,15,1,1,6
82,12,1,1,6
83,9,1,1,6
84,101,1,1,6
85,6,1,1,6
86,8,1,1,6
87,10,1,1,6
88,11,1,1,6
89,1,1,1,6
90,2,2,5,6
91,3,1,1,7
92,14,1,1,7
93,13,1,1,7
94,7,1,1,7
95,4,1,1,7
96,15,1,1,7
97,12,1,1,7
98,9,1,1,7
99,101,1,1,7
100,6,1,1,7
101,8,1,1,7
102,10,1,1,7
103,11,1,1,7
104,1,1,1,7
105,2,2,5,7
106,3,2,5,8
107,14,2,5,8
108,13,2,5,8
109,7,2,5,8
110,4,2,5,8
111,15,2,5,8
112,12,2,5,8
113,9,2,5,8
114,101,2,5,8
115,6,2,5,8
116,8,2,5,8
117,10,2,5,8
118,11,2,5,8
119,1,2,5,8
120,2,2,5,8
121,3,1,1,9
122,14,1,1,9
123,13,1,1,9
124,7,1,1,9
125,4,1,1,9
126,15,1,1,9
127,12,1,1,9
128,9,1,1,9
129,101,1,1,9
130,6,1,1,9
131,8,1,1,9
132,10,1,1,9
133,11,1,1,9
134,1,1,1,9
135,2,2,5,9
136,3,1,1,10
137,14,1,1,10
138,13,1,1,10
139,7,1,1,10
140,4,1,1,10
141,15,1,1,10
142,12,1,1,10
143,9,1,1,10
144,101,1,1,10
145,6,1,1,10
146,8,1,1,10
147,10,1,1,10
148,11,1,1,10
149,1,1,1,10
150,2,2,5,10
151,3,2,5,11
152,14,2,5,11
153,13,2,5,11
154,7,2,5,11
155,4,2,5,11
156,15,2,5,11
157,12,2,5,11
158,9,2,5,11
159,101,2,5,11
160,6,2,5,11
161,8,2,5,11
162,10,2,5,11
163,11,2,5,11
164,1,2,11,11
165,2,2,5,11
166,3,1,1,12
167,14,1,1,12
168,13,1,1,12
169,7,1,1,12
170,4,1,1,12
171,15,1,1,12
172,12,1,1,12
173,9,1,1,12
174,101,1,1,12
175,6,1,1,12
176,8,1,1,12
177,10,1,1,12
178,11,1,1,12
179,1,1,1,12
180,2,2,5,12
181,3,1,1,13
182,14,1,1,13
183,13,1,1,13
184,7,1,1,13
185,4,1,1,13
186,15,1,1,13
187,12,1,1,13
188,9,1,1,13
189,101,1,1,13
190,6,1,1,13
191,8,1,1,13
192,10,1,1,13
193,11,1,1,13
194,1,1,1,13
195,2,2,5,13
196,3,1,1,14
197,14,1,1,14
198,13,1,1,14
199,7,1,1,14
200,4,1,1,14
201,15,1,1,14
202,12,1,1,14
203,9,1,1,14
204,101,1,1,14
205,6,1,1,14
206,8,1,1,14
207,10,1,1,14
208,11,1,1,14
209,1,1,1,14
210,2,2,5,14
211,3,2,5,15
212,14,2,5,15
213,13,2,5,15
214,7,2,5,15
215,4,2,5,15
216,15,2,5,15
217,12,2,5,15
218,9,2,5,15
219,101,2,5,15
220,6,2,5,15
221,8,2,5,15
222,10,2,5,15
223,11,2,5,15
224,1,2,5,15
225,2,2,5,15
226,3,1,1,16
227,14,1,1,16
228,13,1,1,16
229,7,1,1,16
230,4,1,1,16
231,15,1,1,16
232,12,1,1,16
233,9,1,1,16
234,101,1,1,16
235,6,1,1,16
236,8,1,1,16
237,10,1,1,16
238,11,1,1,16
239,1,1,1,16
240,2,2,5,16
241,3,1,1,17
242,14,1,1,17
243,13,1,1,17
244,7,1,1,17
245,4,1,1,17
246,15,1,1,17
247,12,1,1,17
248,9,1,1,17
249,101,1,1,17
250,6,1,1,17
251,8,1,1,17
252,10,1,1,17
253,11,1,1,17
254,1,1,1,17
255,2,2,5,17
256,3,2,5,18
257,14,2,5,18
258,13,2,5,18
259,7,2,5,18
260,4,2,5,18
261,15,2,5,18
262,12,2,5,18
263,9,2,5,18
264,101,2,5,18
265,6,2,5,18
266,8,2,5,18
267,10,2,5,18
268,11,2,5,18
269,1,2,5,18
270,2,2,5,18
271,3,1,1,19
272,14,1,1,19
273,13,1,1,19
274,7,1,1,19
275,4,1,1,19
276,15,1,1,19
277,12,1,1,19
278,9,1,1,19
279,101,1,1,19
280,6,1,1,19
281,8,1,1,19
282,10,1,1,19
283,11,1,1,19
284,1,1,1,19
285,2,2,5,19
286,3,1,1,20
287,14,1,1,20
288,13,1,1,20
289,7,1,1,20
290,4,1,1,20
291,15,1,1,20
292,12,1,1,20
293,9,1,1,20
294,101,1,1,20
295,6,1,1,20
296,8,1,1,20
297,10,1,1,20
298,11,1,1,20
299,1,1,1,20
300,2,2,5,20
301,3,1,1,21
302,14,1,1,21
303,13,1,1,21
304,7,1,1,21
305,4,1,1,21
306,15,1,1,21
307,12,1,1,21
308,9,1,1,21
309,101,1,1,21
310,6,1,1,21
311,8,1,1,21
312,10,1,1,21
313,11,1,1,21
314,1,1,1,21
315,2,2,5,21
316,3,1,1,22
317,14,1,1,22
318,13,1,1,22
319,7,1,1,22
320,4,1,1,22
321,15,1,1,22
322,12,1,1,22
323,9,1,1,22
324,101,1,1,22
325,6,1,1,22
326,8,1,1,22
327,10,1,1,22
328,11,1,1,22
329,1,1,1,22
330,2,2,5,22
331,3,1,1,23
332,14,1,1,23
333,13,1,1,23
334,7,1,1,23
335,4,1,1,23
336,15,1,1,23
337,12,1,1,23
338,9,1,1,23
339,101,1,1,23
340,6,1,1,23
341,8,1,1,23
342,10,1,1,23
343,11,1,1,23
344,1,1,1,23
345,2,2,5,23
346,3,1,1,24
347,14,1,1,24
348,13,1,1,24
349,7,1,1,24
350,4,1,1,24
351,15,1,1,24
352,12,1,1,24
353,9,1,1,24
354,101,1,1,24
355,6,1,1,24
356,8,1,1,24
357,10,1,1,24
358,11,1,1,24
359,1,1,1,24
360,2,2,5,24
361,3,1,1,25
362,14,1,1,25
363,13,1,1,25
364,7,1,1,25
365,4,1,1,25
366,15,1,1,25
367,12,1,1,25
368,9,1,1,25
369,101,1,1,25
370,6,1,1,25
371,8,1,1,25
372,10,1,1,25
373,11,1,1,25
374,1,1,1,25
375,2,2,5,25
376,3,2,5,26
377,14,2,5,26
378,13,2,5,26
379,7,2,5,26
380,4,2,5,26
381,15,2,5,26
382,12,2,5,26
383,9,2,5,26
384,101,2,5,26
385,6,2,5,26
386,8,2,5,26
387,10,2,5,26
388,11,2,5,26
389,1,2,5,26
390,2,2,5,26
391,3,1,1,27
392,14,1,1,27
393,13,1,1,27
394,7,1,1,27
395,4,1,1,27
396,15,1,1,27
397,12,1,1,27
398,9,1,1,27
399,101,1,1,27
400,6,1,1,27
401,8,1,1,27
402,10,1,1,27
403,11,1,1,27
404,1,1,1,27
405,2,2,5,27
406,3,2,5,28
407,14,2,5,28
408,13,2,5,28
409,7,2,5,28
410,4,2,5,28
411,15,2,5,28
412,12,2,5,28
413,9,2,5,28
414,101,2,5,28
415,6,2,5,28
416,8,2,10,28
417,10,2,5,28
418,11,2,5,28
419,1,2,5,28
420,2,2,5,28
421,3,2,5,29
422,14,2,5,29
423,13,2,5,29
424,7,2,5,29
425,4,2,5,29
426,15,2,5,29
427,12,2,5,29
428,9,2,5,29
429,101,2,5,29
430,6,2,5,29
431,8,2,5,29
432,10,2,5,29
433,11,2,5,29
434,1,2,5,29
435,2,2,5,29
436,3,2,5,30
437,14,2,5,30
438,13,2,5,30
439,7,2,5,30
440,4,2,5,30
441,15,2,5,30
442,12,2,5,30
443,9,2,5,30
444,101,2,5,30
445,6,2,5,30
446,8,2,5,30
447,10,2,5,30
448,11,2,5,30
449,1,2,5,30
450,2,2,5,30
451,3,1,1,31
452,14,1,1,31
453,13,1,1,31
454,7,1,1,31
455,4,1,1,31
456,15,1,1,31
457,12,1,1,31
458,9,1,1,31
459,101,1,1,31
460,6,1,1,31
461,8,1,1,31
462,10,1,1,31
463,11,1,1,31
464,1,1,1,31
465,2,2,5,31
466,3,1,1,32
467,14,1,1,32
468,13,1,1,32
469,7,1,1,32
470,4,1,1,32
471,15,1,1,32
472,12,1,1,32
473,9,1,1,32
474,101,1,1,32
475,6,1,1,32
476,8,1,1,32
477,10,1,1,32
478,11,1,1,32
479,1,1,1,32
480,2,2,5,32
481,3,1,1,33
482,14,1,1,33
483,13,1,1,33
484,7,1,1,33
485,4,1,1,33
486,15,1,1,33
487,12,1,1,33
488,9,1,1,33
489,101,1,1,33
490,6,1,1,33
491,8,1,1,33
492,10,1,1,33
493,11,1,1,33
494,1,1,1,33
495,2,2,5,33
496,3,2,5,34
497,14,2,5,34
498,13,2,5,34
499,7,2,5,34
500,4,2,5,34
501,15,2,5,34
502,12,2,5,34
503,9,2,5,34
504,101,2,5,34
505,6,2,5,34
506,8,2,5,34
507,10,2,5,34
508,11,2,5,34
509,1,2,5,34
510,2,2,5,34
511,3,2,5,35
512,14,2,5,35
513,13,2,5,35
514,7,2,5,35
515,4,2,5,35
516,15,2,5,35
517,12,2,5,35
518,9,2,5,35
519,101,2,5,35
520,6,2,5,35
521,8,2,5,35
522,10,2,5,35
523,11,2,5,35
524,1,2,5,35
525,2,2,5,35
526,3,1,1,36
527,14,1,1,36
528,13,1,1,36
529,7,1,1,36
530,4,1,1,36
531,15,1,1,36
532,12,1,1,36
533,9,1,1,36
534,101,1,1,36
535,6,1,1,36
536,8,1,1,36
537,10,1,1,36
538,11,1,1,36
539,1,1,1,36
540,2,2,5,36
541,3,1,1,37
542,14,1,1,37
543,13,1,1,37
544,7,1,1,37
545,4,1,1,37
546,15,1,1,37
547,12,1,1,37
548,9,1,1,37
549,101,1,1,37
550,6,1,1,37
551,8,1,1,37
552,10,1,1,37
553,11,1,1,37
554,1,1,1,37
555,2,2,5,37
556,3,1,1,38
557,14,1,1,38
558,13,1,1,38
559,7,1,1,38
560,4,1,1,38
561,15,1,1,38
562,12,1,1,38
563,9,1,1,38
564,101,1,1,38
565,6,1,1,38
566,8,1,1,38
567,10,1,1,38
568,11,1,1,38
569,1,1,1,38
570,2,2,5,38
571,3,1,1,39
572,14,1,1,39
573,13,1,1,39
574,7,1,1,39
575,4,1,1,39
576,15,1,1,39
577,12,1,1,39
578,9,1,1,39
579,101,1,1,39
580,6,1,1,39
581,8,1,1,39
582,10,1,1,39
583,11,1,1,39
584,1,1,1,39
585,2,2,5,39
586,3,1,1,40
587,14,1,1,40
588,13,1,1,40
589,7,1,1,40
590,4,1,1,40
591,15,1,1,40
592,12,1,1,40
593,9,1,1,40
594,101,1,1,40
595,6,1,1,40
596,8,1,1,40
597,10,1,1,40
598,11,1,1,40
599,1,1,1,40
600,2,2,5,40
601,3,1,1,41
602,14,1,1,41
603,13,1,1,41
604,7,1,1,41
605,4,1,1,41
606,15,1,1,41
607,12,1,1,41
608,9,1,1,41
609,101,1,1,41
610,6,1,1,41
611,8,1,1,41
612,10,1,1,41
613,11,1,1,41
614,1,1,1,41
615,2,2,5,41
616,3,1,1,42
617,14,1,1,42
618,13,1,1,42
619,7,1,1,42
620,4,1,1,42
621,15,1,1,42
622,12,1,1,42
623,9,1,1,42
624,101,1,1,42
625,6,1,1,42
626,8,1,1,42
627,10,1,1,42
628,11,1,1,42
629,1,1,1,42
630,2,2,5,42
631,3,2,5,43
632,14,2,5,43
633,13,2,5,43
634,7,2,5,43
635,4,2,5,43
636,15,2,5,43
637,12,2,5,43
638,9,2,5,43
639,101,2,5,43
640,6,2,5,43
641,8,2,5,43
642,10,2,5,43
643,11,2,5,43
644,1,2,12,43
645,2,2,5,43
646,3,1,1,44
647,14,1,1,44
648,13,1,1,44
649,7,1,1,44
650,4,1,1,44
651,15,1,1,44
652,12,1,1,44
653,9,1,1,44
654,101,1,1,44
655,6,1,1,44
656,8,1,1,44
657,10,1,1,44
658,11,1,1,44
659,1,1,1,44
660,2,2,5,44
661,3,1,1,45
662,14,1,1,45
663,13,1,1,45
664,7,1,1,45
665,4,1,1,45
666,15,1,1,45
667,12,1,1,45
668,9,1,1,45
669,101,1,1,45
670,6,1,1,45
671,8,1,1,45
672,10,1,1,45
673,11,1,1,45
674,1,1,1,45
675,2,2,5,45
676,3,2,2,46
677,14,2,2,46
678,13,2,2,46
679,7,2,2,46
680,4,2,2,46
681,15,2,2,46
682,12,2,2,46
683,9,2,2,46
684,101,2,2,46
685,6,2,2,46
686,8,2,2,46
687,10,2,2,46
688,11,2,2,46
689,1,2,2,46
690,2,2,5,46
691,3,2,5,47
692,14,2,5,47
693,13,2,5,47
694,7,2,5,47
695,4,2,5,47
696,15,2,5,47
697,12,2,5,47
698,9,2,5,47
699,101,2,5,47
700,6,2,5,47
701,8,2,5,47
702,10,2,5,47
703,11,2,5,47
704,1,2,5,47
705,2,2,5,47
706,3,2,5,48
707,14,2,5,48
708,13,2,5,48
709,7,2,5,48
710,4,2,5,48
711,15,2,5,48
712,12,2,5,48
713,9,2,5,48
714,101,2,5,48
715,6,2,5,48
716,8,2,5,48
717,10,2,5,48
718,11,2,5,48
719,1,2,5,48
720,2,2,5,48
721,3,1,1,49
722,14,1,1,49
723,13,1,1,49
724,7,1,1,49
725,4,1,1,49
726,15,1,1,49
727,12,1,1,49
728,9,1,1,49
729,101,1,1,49
730,6,1,1,49
731,8,1,1,49
732,10,1,1,49
733,11,1,1,49
734,1,1,1,49
735,2,2,5,49
736,3,1,1,50
737,14,1,1,50
738,13,1,1,50
739,7,1,1,50
740,4,1,1,50
741,15,1,1,50
742,12,1,1,50
743,9,1,1,50
744,101,1,1,50
745,6,1,1,50
746,8,1,1,50
747,10,1,1,50
748,11,1,1,50
749,1,1,1,50
750,2,2,5,50
751,3,1,1,51
752,14,1,1,51
753,13,1,1,51
754,7,1,1,51
755,4,1,1,51
756,15,1,1,51
757,12,1,1,51
758,9,1,1,51
759,101,1,1,51
760,6,1,1,51
761,8,1,1,51
762,10,1,1,51
763,11,1,1,51
764,1,1,1,51
765,2,2,5,51
766,3,1,1,52
767,14,1,1,52
768,13,1,1,52
769,7,1,1,52
770,4,1,1,52
771,15,1,1,52
772,12,1,1,52
773,9,1,1,52
774,101,1,1,52
775,6,1,1,52
776,8,1,1,52
777,10,1,1,52
778,11,1,1,52
779,1,1,1,52
780,2,2,5,52
781,3,1,1,53
782,14,1,1,53
783,13,1,1,53
784,7,1,1,53
785,4,1,1,53
786,15,1,1,53
787,12,1,1,53
788,9,1,1,53
789,101,1,1,53
790,6,1,1,53
791,8,1,1,53
792,10,1,1,53
793,11,1,1,53
794,1,1,1,53
795,2,2,5,53
796,3,1,1,54
797,14,1,1,54
798,13,1,1,54
799,7,1,1,54
800,4,1,1,54
801,15,1,1,54
802,12,1,1,54
803,9,1,1,54
804,101,1,1,54
805,6,1,1,54
806,8,1,1,54
807,10,1,1,54
808,11,1,1,54
809,1,1,1,54
810,2,2,5,54
811,3,2,5,55
812,14,2,5,55
813,13,2,5,55
814,7,2,5,55
815,4,2,5,55
816,15,2,5,55
817,12,2,5,55
818,9,2,5,55
819,101,2,5,55
820,6,2,5,55
821,8,2,5,55
822,10,2,5,55
823,11,2,5,55
824,1,2,5,55
825,2,2,5,55
826,3,2,5,56
827,14,2,5,56
828,13,2,5,56
829,7,2,5,56
830,4,2,5,56
831,15,2,5,56
832,12,2,5,56
833,9,2,5,56
834,101,2,5,56
835,6,2,5,56
836,8,2,5,56
837,10,2,5,56
838,11,2,5,56
839,1,2,5,56
840,2,2,5,56
841,3,1,1,57
842,14,1,1,57
843,13,1,1,57
844,7,1,1,57
845,4,1,1,57
846,15,1,1,57
847,12,1,1,57
848,9,1,1,57
849,101,1,1,57
850,6,1,1,57
851,8,1,1,57
852,10,1,1,57
853,11,1,1,57
854,1,1,1,57
855,2,2,5,57
856,3,2,3,58
857,14,2,3,58
858,13,2,3,58
859,7,2,3,58
860,4,2,3,58
861,15,2,3,58
862,12,2,3,58
863,9,2,3,58
864,101,2,3,58
865,6,2,3,58
866,8,2,3,58
867,10,2,3,58
868,11,2,3,58
869,1,2,3,58
870,2,2,3,58
871,3,1,1,59
872,14,1,1,59
873,13,1,1,59
874,7,1,1,59
875,4,1,1,59
876,15,1,1,59
877,12,1,1,59
878,9,1,1,59
879,101,1,1,59
880,6,1,1,59
881,8,1,1,59
882,10,1,1,59
883,11,1,1,59
884,1,1,1,59
885,2,2,5,59
886,3,1,1,60
887,14,1,1,60
888,13,1,1,60
889,7,1,1,60
890,4,1,1,60
891,15,1,1,60
892,12,1,1,60
893,9,1,1,60
894,101,1,1,60
895,6,1,1,60
896,8,1,1,60
897,10,1,1,60
898,11,1,1,60
899,1,1,1,60
900,2,2,5,60
901,3,1,1,61
902,14,1,1,61
903,13,1,1,61
904,7,1,1,61
905,4,1,1,61
906,15,1,1,61
907,12,1,1,61
908,9,1,1,61
909,101,1,1,61
910,6,1,1,61
911,8,1,1,61
912,10,1,1,61
913,11,1,1,61
914,1,1,1,61
915,2,2,5,61
916,3,1,1,62
917,14,1,1,62
918,13,1,1,62
919,7,1,1,62
920,4,1,1,62
921,15,1,1,62
922,12,1,1,62
923,9,1,1,62
924,101,1,1,62
925,6,1,1,62
926,8,1,1,62
927,10,1,1,62
928,11,1,1,62
929,1,1,1,62
930,2,2,5,62
931,3,1,1,63
932,14,1,1,63
933,13,1,1,63
934,7,1,1,63
935,4,1,1,63
936,15,1,1,63
937,12,1,1,63
938,9,1,1,63
939,101,1,1,63
940,6,1,1,63
941,8,1,1,63
942,10,1,1,63
943,11,1,1,63
944,1,1,1,63
945,2,2,5,63
946,3,1,1,64
947,14,1,1,64
948,13,1,1,64
949,7,1,1,64
950,4,1,1,64
951,15,1,1,64
952,12,1,1,64
953,9,1,1,64
954,101,1,1,64
955,6,1,1,64
956,8,1,1,64
957,10,1,1,64
958,11,1,1,64
959,1,1,1,64
960,2,2,5,64
961,3,1,1,65
962,14,1,1,65
963,13,1,1,65
964,7,1,1,65
965,4,1,1,65
966,15,1,1,65
967,12,1,1,65
968,9,1,1,65
969,101,1,1,65
970,6,1,1,65
971,8,1,1,65
972,10,1,1,65
973,11,1,1,65
974,1,1,1,65
975,2,2,5,65
976,3,1,1,66
977,14,1,1,66
978,13,1,1,66
979,7,1,1,66
980,4,1,1,66
981,15,1,1,66
982,12,1,1,66
983,9,1,1,66
984,101,1,1,66
985,6,1,1,66
986,8,1,1,66
987,10,1,1,66
988,11,1,1,66
989,1,1,1,66
990,2,2,5,66
991,3,1,1,67
992,14,1,1,67
993,13,1,1,67
994,7,1,1,67
995,4,1,1,67
996,15,1,1,67
997,12,1,1,67
998,9,1,1,67
999,101,1,1,67
1000,6,1,1,67
1001,8,1,1,67
1002,10,1,1,67
1003,11,1,1,67
1004,1,1,1,67
1005,2,2,5,67
1006,3,1,1,68
1007,14,1,1,68
1008,13,1,1,68
1009,7,1,1,68
1010,4,1,1,68
1011,15,1,1,68
1012,12,1,1,68
1013,9,1,1,68
1014,101,1,1,68
1015,6,1,1,68
1016,8,1,1,68
1017,10,1,1,68
1018,11,1,1,68
1019,1,1,1,68
1020,2,2,5,68
1021,3,1,1,69
1022,14,1,1,69
1023,13,1,1,69
1024,7,1,1,69
1025,4,1,1,69
1026,15,1,1,69
1027,12,1,1,69
1028,9,1,1,69
1029,101,1,1,69
1030,6,1,1,69
1031,8,1,1,69
1032,10,1,1,69
1033,11,1,1,69
1034,1,1,1,69
1035,2,2,5,69
1036,3,1,1,70
1037,14,1,1,70
1038,13,1,1,70
1039,7,1,1,70
1040,4,1,1,70
1041,15,1,1,70
1042,12,1,1,70
1043,9,1,1,70
1044,101,1,1,70
1045,6,1,1,70
1046,8,1,1,70
1047,10,1,1,70
1048,11,1,1,70
1049,1,1,1,70
1050,2,2,5,70
1051,3,1,1,71
1052,14,1,1,71
1053,13,1,1,71
1054,7,1,1,71
1055,4,1,1,71
1056,15,1,1,71
1057,12,1,1,71
1058,9,1,1,71
1059,101,1,1,71
1060,6,1,1,71
1061,8,1,1,71
1062,10,1,1,71
1063,11,1,1,71
1064,1,1,1,71
1065,2,2,5,71
1066,3,1,1,72
1067,14,1,1,72
1068,13,1,1,72
1069,7,1,1,72
1070,4,1,1,72
1071,15,1,1,72
1072,12,1,1,72
1073,9,1,1,72
1074,101,1,1,72
1075,6,1,1,72
1076,8,1,1,72
1077,10,1,1,72
1078,11,1,1,72
1079,1,1,1,72
1080,2,2,5,72
1081,3,2,5,73
1082,14,2,5,73
1083,13,2,5,73
1084,7,2,5,73
1085,4,2,5,73
1086,15,2,5,73
1087,12,2,5,73
1088,9,2,5,73
1089,101,2,5,73
1090,6,2,5,73
1091,8,2,5,73
1092,10,2,5,73
1093,11,2,5,73
1094,1,2,5,73
1095,2,2,5,73
1096,3,1,1,74
1097,14,1,1,74
1098,13,1,1,74
1099,7,1,1,74
1100,4,1,1,74
1101,15,1,1,74
1102,12,1,1,74
1103,9,1,1,74
1104,101,1,1,74
1105,6,1,1,74
1106,8,1,1,74
1107,10,1,1,74
1108,11,1,1,74
1109,1,1,1,74
1110,2,2,5,74
1111,3,2,5,75
1112,14,2,5,75
1113,13,2,5,75
1114,7,2,5,75
1115,4,2,5,75
1116,15,2,5,75
1117,12,2,5,75
1118,9,2,5,75
1119,101,2,5,75
1120,6,2,5,75
1121,8,2,5,75
1122,10,2,5,75
1123,11,2,5,75
1124,1,2,5,75
1125,2,2,5,75
1126,3,1,1,76
1127,14,1,1,76
1128,13,1,1,76
1129,7,1,1,76
1130,4,1,1,76
1131,15,1,1,76
1132,12,1,1,76
1133,9,1,1,76
1134,101,1,1,76
1135,6,1,1,76
1136,8,1,1,76
1137,10,1,1,76
1138,11,1,1,76
1139,1,1,1,76
1140,2,2,5,76
1141,3,1,1,77
1142,14,1,1,77
1143,13,1,1,77
1144,7,1,1,77
1145,4,1,1,77
1146,15,1,1,77
1147,12,1,1,77
1148,9,1,1,77
1149,101,1,1,77
1150,6,1,1,77
1151,8,1,1,77
1152,10,1,1,77
1153,11,1,1,77
1154,1,1,1,77
1155,2,2,5,77
1156,3,2,5,78
1157,14,2,5,78
1158,13,2,5,78
1159,7,2,5,78
1160,4,2,5,78
1161,15,2,5,78
1162,12,2,5,78
1163,9,2,5,78
1164,101,2,5,78
1165,6,2,5,78
1166,8,2,5,78
1167,10,2,5,78
1168,11,2,5,78
1169,1,2,5,78
1170,2,2,5,78
1171,3,1,1,79
1172,14,1,1,79
1173,13,1,1,79
1174,7,1,1,79
1175,4,1,1,79
1176,15,1,1,79
1177,12,1,1,79
1178,9,1,1,79
1179,101,1,1,79
1180,6,1,1,79
1181,8,1,1,79
1182,10,1,1,79
1183,11,1,1,79
1184,1,1,1,79
1185,2,2,5,79
1186,3,2,5,80
1187,14,2,5,80
1188,13,2,5,80
1189,7,2,5,80
1190,4,2,5,80
1191,15,2,5,80
1192,12,2,5,80
1193,9,2,5,80
1194,101,2,5,80
1195,6,2,5,80
1196,8,2,5,80
1197,10,2,5,80
1198,11,2,5,80
1199,1,2,5,80
1200,2,2,5,80
1201,3,2,5,81
1202,14,2,5,81
1203,13,2,5,81
1204,7,2,5,81
1205,4,2,5,81
1206,15,2,5,81
1207,12,2,5,81
1208,9,2,5,81
1209,101,2,5,81
1210,6,2,5,81
1211,8,2,5,81
1212,10,2,5,81
1213,11,2,5,81
1214,1,2,5,81
1215,2,2,5,81
1216,3,1,1,82
1217,14,1,1,82
1218,13,1,1,82
1219,7,1,1,82
1220,4,1,1,82
1221,15,1,1,82
1222,12,1,1,82
1223,9,1,1,82
1224,101,1,1,82
1225,6,1,1,82
1226,8,1,1,82
1227,10,1,1,82
1228,11,1,1,82
1229,1,1,1,82
1230,2,2,5,82
1231,3,1,1,83
1232,14,1,1,83
1233,13,1,1,83
1234,7,1,1,83
1235,4,1,1,83
1236,15,1,1,83
1237,12,1,1,83
1238,9,1,1,83
1239,101,1,1,83
1240,6,1,1,83
1241,8,1,1,83
1242,10,1,1,83
1243,11,1,1,83
1244,1,1,1,83
1245,2,2,5,83
1246,3,2,5,84
1247,14,2,5,84
1248,13,2,5,84
1249,7,2,5,84
1250,4,2,5,84
1251,15,2,5,84
1252,12,2,5,84
1253,9,2,5,84
1254,101,2,5,84
1255,6,2,5,84
1256,8,2,5,84
1257,10,2,5,84
1258,11,2,5,84
1259,1,2,5,84
1260,2,2,5,84
1261,3,1,1,85
1262,14,1,1,85
1263,13,1,1,85
1264,7,1,1,85
1265,4,1,1,85
1266,15,1,1,85
1267,12,1,1,85
1268,9,1,1,85
1269,101,1,1,85
1270,6,1,1,85
1271,8,1,1,85
1272,10,1,1,85
1273,11,1,1,85
1274,1,1,1,85
1275,2,2,5,85
1276,3,1,1,86
1277,14,1,1,86
1278,13,1,1,86
1279,7,1,1,86
1280,4,1,1,86
1281,15,1,1,86
1282,12,1,1,86
1283,9,1,1,86
1284,101,1,1,86
1285,6,1,1,86
1286,8,1,1,86
1287,10,1,1,86
1288,11,1,1,86
1289,1,1,1,86
1290,2,2,5,86
1291,3,2,5,87
1292,14,2,5,87
1293,13,2,5,87
1294,7,2,5,87
1295,4,2,5,87
1296,15,2,5,87
1297,12,2,5,87
1298,9,2,5,87
1299,101,2,5,87
1300,6,2,5,87
1301,8,2,5,87
1302,10,2,5,87
1303,11,2,5,87
1304,1,2,5,87
1305,2,2,5,87
1306,3,1,1,88
1307,14,1,1,88
1308,13,1,1,88
1309,7,1,1,88
1310,4,1,1,88
1311,15,1,1,88
1312,12,1,1,88
1313,9,1,1,88
1314,101,1,1,88
1315,6,1,1,88
1316,8,1,1,88
1317,10,1,1,88
1318,11,1,1,88
1319,1,1,1,88
1320,2,2,5,88
1321,3,1,1,89
1322,14,1,1,89
1323,13,1,1,89
1324,7,1,1,89
1325,4,1,1,89
1326,15,1,1,89
1327,12,1,1,89
1328,9,1,1,89
1329,101,1,1,89
1330,6,1,1,89
1331,8,1,1,89
1332,10,1,1,89
1333,11,1,1,89
1334,1,1,1,89
1335,2,2,5,89
1336,3,2,5,90
1337,14,2,5,90
1338,13,2,5,90
1339,7,2,5,90
1340,4,2,5,90
1341,15,2,5,90
1342,12,2,5,90
1343,9,2,5,90
1344,101,2,5,90
1345,6,2,5,90
1346,8,2,5,90
1347,10,2,5,90
1348,11,2,5,90
1349,1,2,5,90
1350,2,2,5,90
1351,3,1,1,91
1352,14,1,1,91
1353,13,1,1,91
1354,7,1,1,91
1355,4,1,1,91
1356,15,1,1,91
1357,12,1,1,91
1358,9,1,1,91
1359,101,1,1,91
1360,6,1,1,91
1361,8,1,1,91
1362,10,1,1,91
1363,11,1,1,91
1364,1,1,1,91
1365,2,2,5,91
1366,3,2,5,92
1367,14,2,5,92
1368,13,2,5,92
1369,7,2,5,92
1370,4,2,5,92
1371,15,2,5,92
1372,12,2,5,92
1373,9,2,5,92
1374,101,2,5,92
1375,6,2,5,92
1376,8,2,5,92
1377,10,2,5,92
1378,11,2,5,92
1379,1,2,5,92
1380,2,2,5,92
1381,3,1,1,93
1382,14,1,1,93
1383,13,1,1,93
1384,7,1,1,93
1385,4,1,1,93
1386,15,1,1,93
1387,12,1,1,93
1388,9,1,1,93
1389,101,1,1,93
1390,6,1,1,93
1391,8,1,1,93
1392,10,1,1,93
1393,11,1,1,93
1394,1,1,1,93
1395,2,2,5,93
1396,3,1,1,94
1397,14,1,1,94
1398,13,1,1,94
1399,7,1,1,94
1400,4,1,1,94
1401,15,1,1,94
1402,12,1,1,94
1403,9,1,1,94
1404,101,1,1,94
1405,6,1,1,94
1406,8,1,1,94
1407,10,1,1,94
1408,11,1,1,94
1409,1,1,1,94
1410,2,2,5,94
1411,3,1,1,95
1412,14,1,1,95
1413,13,1,1,95
1414,7,1,1,95
1415,4,1,1,95
1416,15,1,1,95
1417,12,1,1,95
1418,9,1,1,95
1419,101,1,1,95
1420,6,1,1,95
1421,8,1,1,95
1422,10,1,1,95
1423,11,1,1,95
1424,1,1,1,95
1425,2,2,5,95
1426,3,1,1,96
1427,14,1,1,96
1428,13,1,1,96
1429,7,1,1,96
1430,4,1,1,96
1431,15,1,1,96
1432,12,1,1,96
1433,9,1,1,96
1434,101,1,1,96
1435,6,1,1,96
1436,8,1,1,96
1437,10,1,1,96
1438,11,1,1,96
1439,1,1,1,96
1440,2,2,5,96
1441,3,1,1,97
1442,14,1,1,97
1443,13,1,1,97
1444,7,1,1,97
1445,4,1,1,97
1446,15,1,1,97
1447,12,1,1,97
1448,9,1,1,97
1449,101,1,1,97
1450,6,1,1,97
1451,8,1,1,97
1452,10,1,1,97
1453,11,1,1,97
1454,1,1,1,97
1455,2,2,5,97
1456,3,1,1,98
1457,14,1,1,98
1458,13,1,1,98
1459,7,1,1,98
1460,4,1,1,98
1461,15,1,1,98
1462,12,1,1,98
1463,9,1,1,98
1464,101,1,1,98
1465,6,1,1,98
1466,8,1,1,98
1467,10,1,1,98
1468,11,1,1,98
1469,1,1,1,98
1470,2,2,5,98
1471,3,1,1,99
1472,14,1,1,99
1473,13,1,1,99
1474,7,1,1,99
1475,4,1,1,99
1476,15,1,1,99
1477,12,1,1,99
1478,9,1,1,99
1479,101,1,1,99
1480,6,1,1,99
1481,8,1,1,99
1482,10,1,1,99
1483,11,1,1,99
1484,1,1,1,99
1485,2,2,5,99
1486,3,1,1,100
1487,14,1,1,100
1488,13,1,1,100
1489,7,1,1,100
1490,4,1,1,100
1491,15,1,1,100
1492,12,1,1,100
1493,9,1,1,100
1494,101,1,1,100
1495,6,1,1,100
1496,8,1,1,100
1497,10,1,1,100
1498,11,1,1,100
1499,1,1,1,100
1500,2,2,5,100
1501,3,1,1,101
1502,14,1,1,101
1503,13,1,1,101
1504,7,1,1,101
1505,4,1,1,101
1506,15,1,1,101
1507,12,1,1,101
1508,9,1,1,101
1509,101,1,1,101
1510,6,1,1,101
1511,8,1,1,101
1512,10,1,1,101
1513,11,1,1,101
1514,1,1,1,101
1515,2,2,5,101
1516,3,1,1,102
1517,14,1,1,102
1518,13,1,1,102
1519,7,1,1,102
1520,4,1,1,102
1521,15,1,1,102
1522,12,1,1,102
1523,9,1,1,102
1524,101,1,1,102
1525,6,1,1,102
1526,8,1,1,102
1527,10,1,1,102
1528,11,1,1,102
1529,1,1,1,102
1530,2,2,5,102
1531,3,2,5,103
1532,14,2,5,103
1533,13,2,5,103
1534,7,2,5,103
1535,4,2,5,103
1536,15,2,5,103
1537,12,2,5,103
1538,9,2,5,103
1539,101,2,5,103
1540,6,2,5,103
1541,8,2,5,103
1542,10,2,5,103
1543,11,2,5,103
1544,1,2,5,103
1545,2,2,5,103
1546,3,1,1,104
1547,14,1,1,104
1548,13,1,1,104
1549,7,1,1,104
1550,4,1,1,104
1551,15,1,1,104
1552,12,1,1,104
1553,9,1,1,104
1554,101,1,1,104
1555,6,1,1,104
1556,8,1,1,104
1557,10,1,1,104
1558,11,1,1,104
1559,1,1,1,104
1560,2,2,5,104
1561,3,1,1,105
1562,14,1,1,105
1563,13,1,1,105
1564,7,1,1,105
1565,4,1,1,105
1566,15,1,1,105
1567,12,1,1,105
1568,9,1,1,105
1569,101,1,1,105
1570,6,1,1,105
1571,8,1,1,105
1572,10,1,1,105
1573,11,1,1,105
1574,1,1,1,105
1575,2,2,5,105
1576,3,1,1,106
1577,14,1,1,106
1578,13,1,1,106
1579,7,1,1,106
1580,4,1,1,106
1581,15,1,1,106
1582,12,1,1,106
1583,9,1,1,106
1584,101,1,1,106
1585,6,1,1,106
1586,8,1,1,106
1587,10,1,1,106
1588,11,1,1,106
1589,1,1,1,106
1590,2,2,5,106
1591,3,1,1,107
1592,14,1,1,107
1593,13,1,1,107
1594,7,1,1,107
1595,4,1,1,107
1596,15,1,1,107
1597,12,1,1,107
1598,9,1,1,107
1599,101,1,1,107
1600,6,1,1,107
1601,8,1,1,107
1602,10,1,1,107
1603,11,1,1,107
1604,1,1,1,107
1605,2,2,5,107
1606,3,1,1,108
1607,14,1,1,108
1608,13,1,1,108
1609,7,1,1,108
1610,4,1,1,108
1611,15,1,1,108
1612,12,1,1,108
1613,9,1,1,108
1614,101,1,1,108
1615,6,1,1,108
1616,8,1,1,108
1617,10,1,1,108
1618,11,1,1,108
1619,1,1,1,108
1620,2,2,5,108
1621,3,1,1,109
1622,14,1,1,109
1623,13,1,1,109
1624,7,1,1,109
1625,4,1,1,109
1626,15,1,1,109
1627,12,1,1,109
1628,9,1,1,109
1629,101,1,1,109
1630,6,1,1,109
1631,8,1,1,109
1632,10,1,1,109
1633,11,1,1,109
1634,1,1,1,109
1635,2,2,5,109
1636,3,1,1,110
1637,14,1,1,110
1638,13,1,1,110
1639,7,1,1,110
1640,4,1,1,110
1641,15,1,1,110
1642,12,1,1,110
1643,9,1,1,110
1644,101,1,1,110
1645,6,1,1,110
1646,8,1,1,110
1647,10,1,1,110
1648,11,1,1,110
1649,1,1,1,110
1650,2,2,5,110
1651,3,2,5,111
1652,14,2,5,111
1653,13,2,5,111
1654,7,2,5,111
1655,4,2,5,111
1656,15,2,5,111
1657,12,2,5,111
1658,9,2,5,111
1659,101,2,5,111
1660,6,2,5,111
1661,8,2,5,111
1662,10,2,5,111
1663,11,2,5,111
1664,1,2,5,111
1665,2,2,5,111
1666,3,1,1,112
1667,14,1,1,112
1668,13,1,1,112
1669,7,1,1,112
1670,4,1,1,112
1671,15,1,1,112
1672,12,1,1,112
1673,9,1,1,112
1674,101,1,1,112
1675,6,1,1,112
1676,8,1,1,112
1677,10,1,1,112
1678,11,1,1,112
1679,1,1,1,112
1680,2,2,5,112
1681,3,1,1,113
1682,14,1,1,113
1683,13,1,1,113
1684,7,1,1,113
1685,4,1,1,113
1686,15,1,1,113
1687,12,1,1,113
1688,9,1,1,113
1689,101,1,1,113
1690,6,1,1,113
1691,8,1,1,113
1692,10,1,1,113
1693,11,1,1,113
1694,1,1,1,113
1695,2,2,5,113
1696,3,1,1,114
1697,14,1,1,114
1698,13,1,1,114
1699,7,1,1,114
1700,4,1,1,114
1701,15,1,1,114
1702,12,1,1,114
1703,9,1,1,114
1704,101,1,1,114
1705,6,1,1,114
1706,8,1,1,114
1707,10,1,1,114
1708,11,1,1,114
1709,1,1,1,114
1710,2,2,5,114
1711,3,2,5,115
1712,14,2,5,115
1713,13,2,5,115
1714,7,2,5,115
1715,4,2,5,115
1716,15,2,5,115
1717,12,2,5,115
1718,9,2,5,115
1719,101,2,5,115
1720,6,2,5,115
1721,8,2,5,115
1722,10,2,5,115
1723,11,2,5,115
1724,1,2,5,115
1725,2,2,5,115
1726,3,1,1,116
1727,14,1,1,116
1728,13,1,1,116
1729,7,1,1,116
1730,4,1,1,116
1731,15,1,1,116
1732,12,1,1,116
1733,9,1,1,116
1734,101,1,1,116
1735,6,1,1,116
1736,8,1,1,116
1737,10,1,1,116
1738,11,1,1,116
1739,1,1,1,116
1740,2,2,5,116
1741,3,1,1,117
1742,14,1,1,117
1743,13,1,1,117
1744,7,1,1,117
1745,4,1,1,117
1746,15,1,1,117
1747,12,1,1,117
1748,9,1,1,117
1749,101,1,1,117
1750,6,1,1,117
1751,8,1,1,117
1752,10,1,1,117
1753,11,1,1,117
1754,1,1,1,117
1755,2,2,5,117
1756,3,1,1,118
1757,14,1,1,118
1758,13,1,1,118
1759,7,1,1,118
1760,4,1,1,118
1761,15,1,1,118
1762,12,1,1,118
1763,9,1,1,118
1764,101,1,1,118
1765,6,1,1,118
1766,8,1,1,118
1767,10,1,1,118
1768,11,1,1,118
1769,1,1,1,118
1770,2,2,5,118
1771,3,2,5,119
1772,14,2,5,119
1773,13,2,5,119
1774,7,2,5,119
1775,4,2,5,119
1776,15,2,5,119
1777,12,2,5,119
1778,9,2,5,119
1779,101,2,5,119
1780,6,2,5,119
1781,8,2,5,119
1782,10,2,5,119
1783,11,2,5,119
1784,1,2,5,119
1785,2,2,5,119
1786,3,1,1,120
1787,14,1,1,120
1788,13,1,1,120
1789,7,1,1,120
1790,4,1,1,120
1791,15,1,1,120
1792,12,1,1,120
1793,9,1,1,120
1794,101,1,1,120
1795,6,1,1,120
1796,8,1,1,120
1797,10,1,1,120
1798,11,1,1,120
1799,1,1,1,120
1800,2,2,5,120
1801,3,1,1,121
1802,14,1,1,121
1803,13,1,1,121
1804,7,1,1,121
1805,4,1,1,121
1806,15,1,1,121
1807,12,1,1,121
1808,9,1,1,121
1809,101,1,1,121
1810,6,1,1,121
1811,8,1,1,121
1812,10,1,1,121
1813,11,1,1,121
1814,1,1,1,121
1815,2,2,5,121
1816,3,1,1,122
1817,14,1,1,122
1818,13,1,1,122
1819,7,1,1,122
1820,4,1,1,122
1821,15,1,1,122
1822,12,1,1,122
1823,9,1,1,122
1824,101,1,1,122
1825,6,1,1,122
1826,8,1,1,122
1827,10,1,1,122
1828,11,1,1,122
1829,1,1,1,122
1830,2,2,5,122
1831,3,1,1,123
1832,14,1,1,123
1833,13,1,1,123
1834,7,1,1,123
1835,4,1,1,123
1836,15,1,1,123
1837,12,1,1,123
1838,9,1,1,123
1839,101,1,1,123
1840,6,1,1,123
1841,8,1,1,123
1842,10,1,1,123
1843,11,1,1,123
1844,1,1,1,123
1845,2,2,5,123
1846,3,1,1,124
1847,14,1,1,124
1848,13,1,1,124
1849,7,1,1,124
1850,4,1,1,124
1851,15,1,1,124
1852,12,1,1,124
1853,9,1,1,124
1854,101,1,1,124
1855,6,1,1,124
1856,8,1,1,124
1857,10,1,1,124
1858,11,1,1,124
1859,1,1,1,124
1860,2,2,5,124
1861,3,1,1,125
1862,14,1,1,125
1863,13,1,1,125
1864,7,1,1,125
1865,4,1,1,125
1866,15,1,1,125
1867,12,1,1,125
1868,9,1,1,125
1869,101,1,1,125
1870,6,1,1,125
1871,8,1,1,125
1872,10,1,1,125
1873,11,1,1,125
1874,1,1,1,125
1875,2,2,5,125
1876,3,1,1,126
1877,14,1,1,126
1878,13,1,1,126
1879,7,1,1,126
1880,4,1,1,126
1881,15,1,1,126
1882,12,1,1,126
1883,9,1,1,126
1884,101,1,1,126
1885,6,1,1,126
1886,8,1,1,126
1887,10,1,1,126
1888,11,1,1,126
1889,1,1,1,126
1890,2,2,5,126
1891,3,1,1,127
1892,14,1,1,127
1893,13,1,1,127
1894,7,1,1,127
1895,4,1,1,127
1896,15,1,1,127
1897,12,1,1,127
1898,9,1,1,127
1899,101,1,1,127
1900,6,1,1,127
1901,8,1,1,127
1902,10,1,1,127
1903,11,1,1,127
1904,1,1,1,127
1905,2,2,5,127
1906,3,1,1,128
1907,14,1,1,128
1908,13,1,1,128
1909,7,1,1,128
1910,4,1,1,128
1911,15,1,1,128
1912,12,1,1,128
1913,9,1,1,128
1914,101,1,1,128
1915,6,1,1,128
1916,8,1,1,128
1917,10,1,1,128
1918,11,1,1,128
1919,1,1,1,128
1920,2,2,5,128
1921,3,1,1,129
1922,14,1,1,129
1923,13,1,1,129
1924,7,1,1,129
1925,4,1,1,129
1926,15,1,1,129
1927,12,1,1,129
1928,9,1,1,129
1929,101,1,1,129
1930,6,1,1,129
1931,8,1,1,129
1932,10,1,1,129
1933,11,1,1,129
1934,1,1,1,129
1935,2,2,5,129
1936,3,1,1,130
1937,14,1,1,130
1938,13,1,1,130
1939,7,1,1,130
1940,4,1,1,130
1941,15,1,1,130
1942,12,1,1,130
1943,9,1,1,130
1944,101,1,1,130
1945,6,1,1,130
1946,8,1,1,130
1947,10,1,1,130
1948,11,1,1,130
1949,1,1,1,130
1950,2,2,5,130
1951,3,1,1,131
1952,14,1,1,131
1953,13,1,1,131
1954,7,1,1,131
1955,4,1,1,131
1956,15,1,1,131
1957,12,1,1,131
1958,9,1,1,131
1959,101,1,1,131
1960,6,1,1,131
1961,8,1,1,131
1962,10,1,1,131
1963,11,1,1,131
1964,1,1,1,131
1965,2,2,5,131
1966,3,1,1,132
1967,14,1,1,132
1968,13,1,1,132
1969,7,1,1,132
1970,4,1,1,132
1971,15,1,1,132
1972,12,1,1,132
1973,9,1,1,132
1974,101,1,1,132
1975,6,1,1,132
1976,8,1,1,132
1977,10,1,1,132
1978,11,1,1,132
1979,1,1,1,132
1980,2,2,5,132
1981,3,1,1,133
1982,14,1,1,133
1983,13,1,1,133
1984,7,1,1,133
1985,4,1,1,133
1986,15,1,1,133
1987,12,1,1,133
1988,9,1,1,133
1989,101,1,1,133
1990,6,1,1,133
1991,8,1,1,133
1992,10,1,1,133
1993,11,1,1,133
1994,1,1,1,133
1995,2,2,5,133
1996,3,1,1,134
1997,14,1,1,134
1998,13,1,1,134
1999,7,1,1,134
2000,4,1,1,134
2001,15,1,1,134
2002,12,1,1,134
2003,9,1,1,134
2004,101,1,1,134
2005,6,1,1,134
2006,8,1,1,134
2007,10,1,1,134
2008,11,1,1,134
2009,1,1,1,134
2010,2,2,5,134
2011,3,1,1,135
2012,14,1,1,135
2013,13,1,1,135
2014,7,1,1,135
2015,4,1,1,135
2016,15,1,1,135
2017,12,1,1,135
2018,9,1,1,135
2019,101,1,1,135
2020,6,1,1,135
2021,8,1,1,135
2022,10,1,1,135
2023,11,1,1,135
2024,1,1,1,135
2025,2,2,5,135
2026,3,1,1,136
2027,14,1,1,136
2028,13,1,1,136
2029,7,1,1,136
2030,4,1,1,136
2031,15,1,1,136
2032,12,1,1,136
2033,9,1,1,136
2034,101,1,1,136
2035,6,1,1,136
2036,8,1,1,136
2037,10,1,1,136
2038,11,1,1,136
2039,1,1,1,136
2040,2,2,5,136
2041,3,1,1,137
2042,14,1,1,137
2043,13,1,1,137
2044,7,1,1,137
2045,4,1,1,137
2046,15,1,1,137
2047,12,1,1,137
2048,9,1,1,137
2049,101,1,1,137
2050,6,1,1,137
2051,8,1,1,137
2052,10,1,1,137
2053,11,1,1,137
2054,1,1,1,137
2055,2,2,5,137
2056,3,1,1,138
2057,14,1,1,138
2058,13,1,1,138
2059,7,1,1,138
2060,4,1,1,138
2061,15,1,1,138
2062,12,1,1,138
2063,9,1,1,138
2064,101,1,1,138
2065,6,1,1,138
2066,8,1,1,138
2067,10,1,1,138
2068,11,1,1,138
2069,1,1,1,138
2070,2,2,5,138
2071,3,1,1,139
2072,14,1,1,139
2073,13,1,1,139
2074,7,1,1,139
2075,4,1,1,139
2076,15,1,1,139
2077,12,1,1,139
2078,9,1,1,139
2079,101,1,1,139
2080,6,1,1,139
2081,8,1,1,139
2082,10,1,1,139
2083,11,1,1,139
2084,1,1,1,139
2085,2,2,5,139
2086,3,2,5,140
2087,14,2,5,140
2088,13,2,5,140
2089,7,2,5,140
2090,4,2,5,140
2091,15,2,5,140
2092,12,2,5,140
2093,9,2,5,140
2094,101,2,5,140
2095,6,2,5,140
2096,8,2,5,140
2097,10,2,5,140
2098,11,2,5,140
2099,1,2,5,140
2100,2,2,5,140
2101,3,1,1,141
2102,14,1,1,141
2103,13,1,1,141
2104,7,1,1,141
2105,4,1,1,141
2106,15,1,1,141
2107,12,1,1,141
2108,9,1,1,141
2109,101,1,1,141
2110,6,1,1,141
2111,8,1,1,141
2112,10,1,1,141
2113,11,1,1,141
2114,1,1,1,141
2115,2,2,5,141
2116,3,2,5,142
2117,14,2,5,142
2118,13,2,5,142
2119,7,2,5,142
2120,4,2,5,142
2121,15,2,5,142
2122,12,2,5,142
2123,9,2,5,142
2124,101,2,5,142
2125,6,2,5,142
2126,8,2,5,142
2127,10,2,5,142
2128,11,2,5,142
2129,1,2,5,142
2130,2,2,5,142
2131,3,1,1,143
2132,14,1,1,143
2133,13,1,1,143
2134,7,1,1,143
2135,4,1,1,143
2136,15,1,1,143
2137,12,1,1,143
2138,9,1,1,143
2139,101,1,1,143
2140,6,1,1,143
2141,8,1,1,143
2142,10,1,1,143
2143,11,1,1,143
2144,1,1,1,143
2145,2,2,5,143
2146,3,1,1,144
2147,14,1,1,144
2148,13,1,1,144
2149,7,1,1,144
2150,4,1,1,144
2151,15,1,1,144
2152,12,1,1,144
2153,9,1,1,144
2154,101,1,1,144
2155,6,1,1,144
2156,8,1,1,144
2157,10,1,1,144
2158,11,1,1,144
2159,1,1,1,144
2160,2,2,5,144
2161,3,1,1,145
2162,14,1,1,145
2163,13,1,1,145
2164,7,1,1,145
2165,4,1,1,145
2166,15,1,1,145
2167,12,1,1,145
2168,9,1,1,145
2169,101,1,1,145
2170,6,1,1,145
2171,8,1,1,145
2172,10,1,1,145
2173,11,1,1,145
2174,1,1,1,145
2175,2,2,5,145
2176,3,1,1,146
2177,14,1,1,146
2178,13,1,1,146
2179,7,1,1,146
2180,4,1,1,146
2181,15,1,1,146
2182,12,1,1,146
2183,9,1,1,146
2184,101,1,1,146
2185,6,1,1,146
2186,8,1,1,146
2187,10,1,1,146
2188,11,1,1,146
2189,1,1,1,146
2190,2,2,5,146
2191,3,2,4,147
2192,14,2,4,147
2193,13,2,4,147
2194,7,2,4,147
2195,4,2,4,147
2196,15,2,4,147
2197,12,2,4,147
2198,9,2,4,147
2199,101,2,5,147
2200,6,2,4,147
2201,8,2,4,147
2202,10,2,4,147
2203,11,2,4,147
2204,1,2,4,147
2205,2,2,4,147
2206,3,1,1,148
2207,14,1,1,148
2208,13,1,1,148
2209,7,1,1,148
2210,4,1,1,148
2211,15,1,1,148
2212,12,1,1,148
2213,9,1,1,148
2214,101,1,1,148
2215,6,1,1,148
2216,8,1,1,148
2217,10,1,1,148
2218,11,1,1,148
2219,1,1,1,148
2220,2,2,5,148
2221,3,1,1,149
2222,14,1,1,149
2223,13,1,1,149
2224,7,1,1,149
2225,4,1,1,149
2226,15,1,1,149
2227,12,1,1,149
2228,9,1,1,149
2229,101,1,1,149
2230,6,1,1,149
2231,8,1,1,149
2232,10,1,1,149
2233,11,1,1,149
2234,1,1,1,149
2235,2,2,5,149
2236,3,1,1,150
2237,14,1,1,150
2238,13,1,1,150
2239,7,1,1,150
2240,4,1,1,150
2241,15,1,1,150
2242,12,1,1,150
2243,9,1,1,150
2244,101,1,1,150
2245,6,1,1,150
2246,8,1,1,150
2247,10,1,1,150
2248,11,1,1,150
2249,1,1,1,150
2250,2,2,5,150
2251,3,1,1,151
2252,14,1,1,151
2253,13,1,1,151
2254,7,1,1,151
2255,4,1,1,151
2256,15,1,1,151
2257,12,1,1,151
2258,9,1,1,151
2259,101,1,1,151
2260,6,1,1,151
2261,8,1,1,151
2262,10,1,1,151
2263,11,1,1,151
2264,1,1,1,151
2265,2,2,5,151
2266,3,1,1,152
2267,14,1,1,152
2268,13,1,1,152
2269,7,1,1,152
2270,4,1,1,152
2271,15,1,1,152
2272,12,1,1,152
2273,9,1,1,152
2274,101,1,1,152
2275,6,1,1,152
2276,8,1,1,152
2277,10,1,1,152
2278,11,1,1,152
2279,1,1,1,152
2280,2,2,5,152
2281,3,1,1,153
2282,14,1,1,153
2283,13,1,1,153
2284,7,1,1,153
2285,4,1,1,153
2286,15,1,1,153
2287,12,1,1,153
2288,9,1,1,153
2289,101,1,1,153
2290,6,1,1,153
2291,8,1,1,153
2292,10,1,1,153
2293,11,1,1,153
2294,1,1,1,153
2295,2,2,5,153
2296,3,1,1,154
2297,14,1,1,154
2298,13,1,1,154
2299,7,1,1,154
2300,4,1,1,154
2301,15,1,1,154
2302,12,1,1,154
2303,9,1,1,154
2304,101,1,1,154
2305,6,1,1,154
2306,8,1,1,154
2307,10,1,1,154
2308,11,1,1,154
2309,1,1,1,154
2310,2,2,5,154
2311,3,2,5,155
2312,14,2,5,155
2313,13,2,5,155
2314,7,2,5,155
2315,4,2,5,155
2316,15,2,5,155
2317,12,2,5,155
2318,9,2,5,155
2319,101,2,5,155
2320,6,2,5,155
2321,8,2,5,155
2322,10,2,5,155
2323,11,2,5,155
2324,1,2,5,155
2325,2,2,5,155
2326,3,1,1,156
2327,14,1,1,156
2328,13,1,1,156
2329,7,1,1,156
2330,4,1,1,156
2331,15,1,1,156
2332,12,1,1,156
2333,9,1,1,156
2334,101,1,1,156
2335,6,1,1,156
2336,8,1,1,156
2337,10,1,1,156
2338,11,1,1,156
2339,1,1,1,156
2340,2,2,5,156
2341,3,1,1,157
2342,14,1,1,157
2343,13,1,1,157
2344,7,1,1,157
2345,4,1,1,157
2346,15,1,1,157
2347,12,1,1,157
2348,9,1,1,157
2349,101,1,1,157
2350,6,1,1,157
2351,8,1,1,157
2352,10,1,1,157
2353,11,1,1,157
2354,1,1,1,157
2355,2,2,5,157
2356,3,1,1,158
2357,14,1,1,158
2358,13,1,1,158
2359,7,1,1,158
2360,4,1,1,158
2361,15,1,1,158
2362,12,1,1,158
2363,9,1,1,158
2364,101,1,1,158
2365,6,1,1,158
2366,8,1,1,158
2367,10,1,1,158
2368,11,1,1,158
2369,1,1,1,158
2370,2,2,5,158
2371,3,1,1,159
2372,14,1,1,159
2373,13,1,1,159
2374,7,1,1,159
2375,4,1,1,159
2376,15,1,1,159
2377,12,1,1,159
2378,9,1,1,159
2379,101,1,1,159
2380,6,1,1,159
2381,8,1,1,159
2382,10,1,1,159
2383,11,1,1,159
2384,1,1,1,159
2385,2,2,5,159
2386,3,1,1,160
2387,14,1,1,160
2388,13,1,1,160
2389,7,1,1,160
2390,4,1,1,160
2391,15,1,1,160
2392,12,1,1,160
2393,9,1,1,160
2394,101,1,1,160
2395,6,1,1,160
2396,8,1,1,160
2397,10,1,1,160
2398,11,1,1,160
2399,1,1,1,160
2400,2,2,5,160
2401,3,1,1,161
2402,14,1,1,161
2403,13,1,1,161
2404,7,1,1,161
2405,4,1,1,161
2406,15,1,1,161
2407,12,1,1,161
2408,9,1,1,161
2409,101,1,1,161
2410,6,1,1,161
2411,8,1,1,161
2412,10,1,1,161
2413,11,1,1,161
2414,1,1,1,161
2415,2,2,5,161
2416,3,1,1,162
2417,14,1,1,162
2418,13,1,1,162
2419,7,1,1,162
2420,4,1,1,162
2421,15,1,1,162
2422,12,1,1,162
2423,9,1,1,162
2424,101,1,1,162
2425,6,1,1,162
2426,8,1,1,162
2427,10,1,1,162
2428,11,1,1,162
2429,1,1,1,162
2430,2,2,5,162
2431,3,2,5,163
2432,14,2,5,163
2433,13,2,5,163
2434,7,2,5,163
2435,4,2,5,163
2436,15,2,5,163
2437,12,2,5,163
2438,9,2,5,163
2439,101,2,5,163
2440,6,2,5,163
2441,8,2,5,163
2442,10,2,5,163
2443,11,2,5,163
2444,1,2,5,163
2445,2,2,5,163
2446,3,2,6,164
2447,14,2,6,164
2448,13,2,6,164
2449,7,2,6,164
2450,4,2,6,164
2451,15,2,6,164
2452,12,2,6,164
2453,9,2,6,164
2454,101,2,6,164
2455,6,2,6,164
2456,8,2,6,164
2457,10,2,6,164
2458,11,2,6,164
2459,1,2,6,164
2460,2,2,6,164
2461,3,1,1,165
2462,14,1,1,165
2463,13,1,1,165
2464,7,1,1,165
2465,4,1,1,165
2466,15,1,1,165
2467,12,1,1,165
2468,9,1,1,165
2469,101,1,1,165
2470,6,1,1,165
2471,8,1,1,165
2472,10,1,1,165
2473,11,1,1,165
2474,1,1,1,165
2475,2,2,5,165
2476,3,1,1,166
2477,14,1,1,166
2478,13,1,1,166
2479,7,1,1,166
2480,4,1,1,166
2481,15,1,1,166
2482,12,1,1,166
2483,9,1,1,166
2484,101,1,1,166
2485,6,1,1,166
2486,8,1,1,166
2487,10,1,1,166
2488,11,1,1,166
2489,1,1,1,166
2490,2,2,5,166
2491,3,1,1,167
2492,14,1,1,167
2493,13,1,1,167
2494,7,1,1,167
2495,4,1,1,167
2496,15,1,1,167
2497,12,1,1,167
2498,9,1,1,167
2499,101,1,1,167
2500,6,1,1,167
2501,8,1,1,167
2502,10,1,1,167
2503,11,1,1,167
2504,1,1,1,167
2505,2,2,5,167
2506,3,1,1,168
2507,14,1,1,168
2508,13,1,1,168
2509,7,1,1,168
2510,4,1,1,168
2511,15,1,1,168
2512,12,1,1,168
2513,9,1,1,168
2514,101,1,1,168
2515,6,1,1,168
2516,8,1,1,168
2517,10,1,1,168
2518,11,1,1,168
2519,1,1,1,168
2520,2,2,5,168
2521,3,1,1,169
2522,14,1,1,169
2523,13,1,1,169
2524,7,1,1,169
2525,4,1,1,169
2526,15,1,1,169
2527,12,1,1,169
2528,9,1,1,169
2529,101,1,1,169
2530,6,1,1,169
2531,8,1,1,169
2532,10,1,1,169
2533,11,1,1,169
2534,1,1,1,169
2535,2,2,5,169
2536,3,2,5,170
2537,14,2,5,170
2538,13,2,5,170
2539,7,2,5,170
2540,4,2,5,170
2541,15,2,5,170
2542,12,2,5,170
2543,9,2,5,170
2544,101,2,5,170
2545,6,2,5,170
2546,8,2,5,170
2547,10,2,5,170
2548,11,2,5,170
2549,1,2,5,170
2550,2,2,5,170
2551,3,1,1,171
2552,14,1,1,171
2553,13,1,1,171
2554,7,1,1,171
2555,4,1,1,171
2556,15,1,1,171
2557,12,1,1,171
2558,9,1,1,171
2559,101,1,1,171
2560,6,1,1,171
2561,8,1,1,171
2562,10,1,1,171
2563,11,1,1,171
2564,1,1,1,171
2565,2,2,5,171
2566,3,2,5,172
2567,14,2,5,172
2568,13,2,5,172
2569,7,2,5,172
2570,4,2,5,172
2571,15,2,5,172
2572,12,2,5,172
2573,9,2,5,172
2574,101,2,5,172
2575,6,2,5,172
2576,8,2,5,172
2577,10,2,5,172
2578,11,2,5,172
2579,1,2,5,172
2580,2,2,5,172
2581,3,1,1,173
2582,14,1,1,173
2583,13,1,1,173
2584,7,1,1,173
2585,4,1,1,173
2586,15,1,1,173
2587,12,1,1,173
2588,9,1,1,173
2589,101,1,1,173
2590,6,1,1,173
2591,8,1,1,173
2592,10,1,1,173
2593,11,1,1,173
2594,1,1,1,173
2595,2,2,5,173
2596,3,1,1,174
2597,14,1,1,174
2598,13,1,1,174
2599,7,1,1,174
2600,4,1,1,174
2601,15,1,1,174
2602,12,1,1,174
2603,9,1,1,174
2604,101,1,1,174
2605,6,1,1,174
2606,8,1,1,174
2607,10,1,1,174
2608,11,1,1,174
2609,1,1,1,174
2610,2,2,5,174
2611,3,1,1,175
2612,14,1,1,175
2613,13,1,1,175
2614,7,1,1,175
2615,4,1,1,175
2616,15,1,1,175
2617,12,1,1,175
2618,9,1,1,175
2619,101,1,1,175
2620,6,1,1,175
2621,8,1,1,175
2622,10,1,1,175
2623,11,1,1,175
2624,1,1,1,175
2625,2,2,5,175
2626,3,2,5,176
2627,14,2,5,176
2628,13,2,5,176
2629,7,2,5,176
2630,4,2,5,176
2631,15,2,5,176
2632,12,2,5,176
2633,9,2,5,176
2634,101,2,5,176
2635,6,2,5,176
2636,8,2,5,176
2637,10,2,5,176
2638,11,2,5,176
2639,1,2,5,176
2640,2,2,5,176
2641,3,1,1,177
2642,14,1,1,177
2643,13,1,1,177
2644,7,1,1,177
2645,4,1,1,177
2646,15,1,1,177
2647,12,1,1,177
2648,9,1,1,177
2649,101,1,1,177
2650,6,1,1,177
2651,8,1,1,177
2652,10,1,1,177
2653,11,1,1,177
2654,1,1,1,177
2655,2,2,5,177
2656,3,1,1,178
2657,14,1,1,178
2658,13,1,1,178
2659,7,1,1,178
2660,4,1,1,178
2661,15,1,1,178
2662,12,1,1,178
2663,9,1,1,178
2664,101,1,1,178
2665,6,1,1,178
2666,8,1,1,178
2667,10,1,1,178
2668,11,1,1,178
2669,1,1,1,178
2670,2,2,5,178
2671,3,1,1,179
2672,14,1,1,179
2673,13,1,1,179
2674,7,1,1,179
2675,4,1,1,179
2676,15,1,1,179
2677,12,1,1,179
2678,9,1,1,179
2679,101,1,1,179
2680,6,1,1,179
2681,8,1,1,179
2682,10,1,1,179
2683,11,1,1,179
2684,1,1,1,179
2685,2,2,5,179
2686,3,1,1,180
2687,14,1,1,180
2688,13,1,1,180
2689,7,1,1,180
2690,4,1,1,180
2691,15,1,1,180
2692,12,1,1,180
2693,9,1,1,180
2694,101,1,1,180
2695,6,1,1,180
2696,8,1,1,180
2697,10,1,1,180
2698,11,1,1,180
2699,1,1,1,180
2700,2,2,5,180
2701,3,1,1,181
2702,14,1,1,181
2703,13,1,1,181
2704,7,1,1,181
2705,4,1,1,181
2706,15,1,1,181
2707,12,1,1,181
2708,9,1,1,181
2709,101,1,1,181
2710,6,1,1,181
2711,8,1,1,181
2712,10,1,1,181
2713,11,1,1,181
2714,1,1,1,181
2715,2,2,5,181
2716,3,1,1,182
2717,14,1,1,182
2718,13,1,1,182
2719,7,1,1,182
2720,4,1,1,182
2721,15,1,1,182
2722,12,1,1,182
2723,9,1,1,182
2724,101,1,1,182
2725,6,1,1,182
2726,8,1,1,182
2727,10,1,1,182
2728,11,1,1,182
2729,1,1,1,182
2730,2,2,5,182
2731,3,1,1,183
2732,14,1,1,183
2733,13,1,1,183
2734,7,1,1,183
2735,4,1,1,183
2736,15,1,1,183
2737,12,1,1,183
2738,9,1,1,183
2739,101,1,1,183
2740,6,1,1,183
2741,8,1,1,183
2742,10,1,1,183
2743,11,1,1,183
2744,1,1,1,183
2745,2,2,5,183
2746,3,1,1,184
2747,14,1,1,184
2748,13,1,1,184
2749,7,1,1,184
2750,4,1,1,184
2751,15,1,1,184
2752,12,1,1,184
2753,9,1,1,184
2754,101,1,1,184
2755,6,1,1,184
2756,8,1,1,184
2757,10,1,1,184
2758,11,1,1,184
2759,1,1,1,184
2760,2,2,5,184
2761,3,1,1,185
2762,14,1,1,185
2763,13,1,1,185
2764,7,1,1,185
2765,4,1,1,185
2766,15,1,1,185
2767,12,1,1,185
2768,9,1,1,185
2769,101,1,1,185
2770,6,1,1,185
2771,8,1,1,185
2772,10,1,1,185
2773,11,1,1,185
2774,1,1,1,185
2775,2,2,5,185
2776,3,1,1,186
2777,14,1,1,186
2778,13,1,1,186
2779,7,1,1,186
2780,4,1,1,186
2781,15,1,1,186
2782,12,1,1,186
2783,9,1,1,186
2784,101,1,1,186
2785,6,1,1,186
2786,8,1,1,186
2787,10,1,1,186
2788,11,1,1,186
2789,1,1,1,186
2790,2,2,5,186
2791,3,1,1,187
2792,14,1,1,187
2793,13,1,1,187
2794,7,1,1,187
2795,4,1,1,187
2796,15,1,1,187
2797,12,1,1,187
2798,9,1,1,187
2799,101,1,1,187
2800,6,1,1,187
2801,8,1,1,187
2802,10,1,1,187
2803,11,1,1,187
2804,1,1,1,187
2805,2,2,5,187
2806,3,1,1,188
2807,14,1,1,188
2808,13,1,1,188
2809,7,1,1,188
2810,4,1,1,188
2811,15,1,1,188
2812,12,1,1,188
2813,9,1,1,188
2814,101,1,1,188
2815,6,1,1,188
2816,8,1,1,188
2817,10,1,1,188
2818,11,1,1,188
2819,1,1,1,188
2820,2,2,5,188
2821,3,1,1,189
2822,14,1,1,189
2823,13,1,1,189
2824,7,1,1,189
2825,4,1,1,189
2826,15,1,1,189
2827,12,1,1,189
2828,9,1,1,189
2829,101,1,1,189
2830,6,1,1,189
2831,8,1,1,189
2832,10,1,1,189
2833,11,1,1,189
2834,1,1,1,189
2835,2,2,5,189
2836,3,1,1,190
2837,14,1,1,190
2838,13,1,1,190
2839,7,1,1,190
2840,4,1,1,190
2841,15,1,1,190
2842,12,1,1,190
2843,9,1,1,190
2844,101,1,1,190
2845,6,1,1,190
2846,8,1,1,190
2847,10,1,1,190
2848,11,1,1,190
2849,1,1,1,190
2850,2,2,5,190
2851,3,1,1,191
2852,14,1,1,191
2853,13,1,1,191
2854,7,1,1,191
2855,4,1,1,191
2856,15,1,1,191
2857,12,1,1,191
2858,9,1,1,191
2859,101,1,1,191
2860,6,1,1,191
2861,8,1,1,191
2862,10,1,1,191
2863,11,1,1,191
2864,1,1,1,191
2865,2,2,5,191
2866,3,1,1,192
2867,14,1,1,192
2868,13,1,1,192
2869,7,1,1,192
2870,4,1,1,192
2871,15,1,1,192
2872,12,1,1,192
2873,9,1,1,192
2874,101,1,1,192
2875,6,1,1,192
2876,8,1,1,192
2877,10,1,1,192
2878,11,1,1,192
2879,1,1,1,192
2880,2,2,5,192
2881,3,1,1,193
2882,14,1,1,193
2883,13,1,1,193
2884,7,1,1,193
2885,4,1,1,193
2886,15,1,1,193
2887,12,1,1,193
2888,9,1,1,193
2889,101,1,1,193
2890,6,1,1,193
2891,8,1,1,193
2892,10,1,1,193
2893,11,1,1,193
2894,1,1,1,193
2895,2,2,5,193
2896,3,1,1,194
2897,14,1,1,194
2898,13,1,1,194
2899,7,1,1,194
2900,4,1,1,194
2901,15,1,1,194
2902,12,1,1,194
2903,9,1,1,194
2904,101,1,1,194
2905,6,1,1,194
2906,8,1,1,194
2907,10,1,1,194
2908,11,1,1,194
2909,1,1,1,194
2910,2,2,5,194
2911,3,2,5,195
2912,14,2,5,195
2913,13,2,5,195
2914,7,2,5,195
2915,4,2,5,195
2916,15,2,5,195
2917,12,2,5,195
2918,9,2,5,195
2919,101,2,5,195
2920,6,2,5,195
2921,8,2,5,195
2922,10,2,5,195
2923,11,2,5,195
2924,1,2,5,195
2925,2,2,5,195
2926,3,1,1,196
2927,14,1,1,196
2928,13,1,1,196
2929,7,1,1,196
2930,4,1,1,196
2931,15,1,1,196
2932,12,1,1,196
2933,9,1,1,196
2934,101,1,1,196
2935,6,1,1,196
2936,8,1,1,196
2937,10,1,1,196
2938,11,1,1,196
2939,1,1,1,196
2940,2,2,5,196
2941,3,1,1,197
2942,14,1,1,197
2943,13,1,1,197
2944,7,1,1,197
2945,4,1,1,197
2946,15,1,1,197
2947,12,1,1,197
2948,9,1,1,197
2949,101,1,1,197
2950,6,1,1,197
2951,8,1,1,197
2952,10,1,1,197
2953,11,1,1,197
2954,1,1,1,197
2955,2,2,5,197
2956,3,2,5,198
2957,14,2,5,198
2958,13,2,5,198
2959,7,2,5,198
2960,4,2,5,198
2961,15,2,5,198
2962,12,2,5,198
2963,9,2,5,198
2964,101,2,5,198
2965,6,2,5,198
2966,8,2,5,198
2967,10,2,5,198
2968,11,2,5,198
2969,1,2,5,198
2970,2,2,5,198
2971,3,1,1,199
2972,14,1,1,199
2973,13,1,1,199
2974,7,1,1,199
2975,4,1,1,199
2976,15,1,1,199
2977,12,1,1,199
2978,9,1,1,199
2979,101,1,1,199
2980,6,1,1,199
2981,8,1,1,199
2982,10,1,1,199
2983,11,1,1,199
2984,1,1,1,199
2985,2,2,5,199
2986,3,1,1,200
2987,14,1,1,200
2988,13,1,1,200
2989,7,1,1,200
2990,4,1,1,200
2991,15,1,1,200
2992,12,1,1,200
2993,9,1,1,200
2994,101,1,1,200
2995,6,1,1,200
2996,8,1,1,200
2997,10,1,1,200
2998,11,1,1,200
2999,1,1,1,200
3000,2,2,5,200
3001,3,2,5,201
3002,14,2,5,201
3003,13,2,5,201
3004,7,2,5,201
3005,4,2,5,201
3006,15,2,5,201
3007,12,2,5,201
3008,9,2,5,201
3009,101,2,5,201
3010,6,2,5,201
3011,8,2,5,201
3012,10,2,5,201
3013,11,2,5,201
3014,1,2,5,201
3015,2,2,5,201
3016,3,1,1,202
3017,14,1,1,202
3018,13,1,1,202
3019,7,1,1,202
3020,4,1,1,202
3021,15,1,1,202
3022,12,1,1,202
3023,9,1,1,202
3024,101,1,1,202
3025,6,1,1,202
3026,8,1,1,202
3027,10,1,1,202
3028,11,1,1,202
3029,1,1,1,202
3030,2,2,5,202
3031,3,2,5,203
3032,14,2,5,203
3033,13,2,5,203
3034,7,2,5,203
3035,4,2,5,203
3036,15,2,5,203
3037,12,2,5,203
3038,9,2,5,203
3039,101,2,5,203
3040,6,2,5,203
3041,8,2,5,203
3042,10,2,5,203
3043,11,2,5,203
3044,1,2,5,203
3045,2,2,5,203
3046,3,1,1,204
3047,14,1,1,204
3048,13,1,1,204
3049,7,1,1,204
3050,4,1,1,204
3051,15,1,1,204
3052,12,1,1,204
3053,9,1,1,204
3054,101,1,1,204
3055,6,1,1,204
3056,8,1,1,204
3057,10,1,1,204
3058,11,1,1,204
3059,1,1,1,204
3060,2,2,5,204
3061,3,1,1,205
3062,14,1,1,205
3063,13,1,1,205
3064,7,1,1,205
3065,4,1,1,205
3066,15,1,1,205
3067,12,1,1,205
3068,9,1,1,205
3069,101,1,1,205
3070,6,1,1,205
3071,8,1,1,205
3072,10,1,1,205
3073,11,1,1,205
3074,1,1,1,205
3075,2,2,5,205
3076,3,1,1,206
3077,14,1,1,206
3078,13,1,1,206
3079,7,1,1,206
3080,4,1,1,206
3081,15,1,1,206
3082,12,1,1,206
3083,9,1,1,206
3084,101,1,1,206
3085,6,1,1,206
3086,8,1,1,206
3087,10,1,1,206
3088,11,1,1,206
3089,1,1,1,206
3090,2,2,5,206
3091,3,1,1,207
3092,14,1,1,207
3093,13,1,1,207
3094,7,1,1,207
3095,4,1,1,207
3096,15,1,1,207
3097,12,1,1,207
3098,9,1,1,207
3099,101,1,1,207
3100,6,1,1,207
3101,8,1,1,207
3102,10,1,1,207
3103,11,1,1,207
3104,1,1,1,207
3105,2,2,5,207
3106,3,1,1,208
3107,14,1,1,208
3108,13,1,1,208
3109,7,1,1,208
3110,4,1,1,208
3111,15,1,1,208
3112,12,1,1,208
3113,9,1,1,208
3114,101,1,1,208
3115,6,1,1,208
3116,8,1,1,208
3117,10,1,1,208
3118,11,1,1,208
3119,1,1,1,208
3120,2,2,5,208
3121,3,1,1,209
3122,14,1,1,209
3123,13,1,1,209
3124,7,1,1,209
3125,4,1,1,209
3126,15,1,1,209
3127,12,1,1,209
3128,9,1,1,209
3129,101,1,1,209
3130,6,1,1,209
3131,8,1,1,209
3132,10,1,1,209
3133,11,1,1,209
3134,1,1,1,209
3135,2,2,5,209
3136,3,1,1,210
3137,14,1,1,210
3138,13,1,1,210
3139,7,1,1,210
3140,4,1,1,210
3141,15,1,1,210
3142,12,1,1,210
3143,9,1,1,210
3144,101,1,1,210
3145,6,1,1,210
3146,8,1,1,210
3147,10,1,1,210
3148,11,1,1,210
3149,1,1,1,210
3150,2,2,5,210
3151,3,1,1,211
3152,14,1,1,211
3153,13,1,1,211
3154,7,1,1,211
3155,4,1,1,211
3156,15,1,1,211
3157,12,1,1,211
3158,9,1,1,211
3159,101,1,1,211
3160,6,1,1,211
3161,8,1,1,211
3162,10,1,1,211
3163,11,1,1,211
3164,1,1,1,211
3165,2,2,5,211
3166,3,1,1,212
3167,7,1,1,212
3168,4,1,1,212
3169,12,1,1,212
3170,9,1,1,212
3171,101,1,1,212
3172,6,1,1,212
3173,8,1,1,212
3174,10,1,1,212
3175,11,1,1,212
3176,1,1,1,212
3177,2,2,5,212
3178,3,1,1,213
3179,14,1,1,213
3180,13,1,1,213
3181,7,1,1,213
3182,4,1,1,213
3183,15,1,1,213
3184,12,1,1,213
3185,9,1,1,213
3186,101,1,1,213
3187,6,1,1,213
3188,8,1,1,213
3189,10,1,1,213
3190,11,1,1,213
3191,1,1,1,213
3192,2,2,5,213
3193,3,2,5,214
3194,14,2,5,214
3195,13,2,5,214
3196,7,2,5,214
3197,4,2,5,214
3198,15,2,5,214
3199,12,2,5,214
3200,9,2,5,214
3201,101,2,5,214
3202,6,2,5,214
3203,8,2,5,214
3204,10,2,5,214
3205,11,2,5,214
3206,1,2,5,214
3207,2,2,5,214
3208,3,1,1,215
3209,14,1,1,215
3210,13,1,1,215
3211,7,1,1,215
3212,4,1,1,215
3213,15,1,1,215
3214,12,1,1,215
3215,9,1,1,215
3216,101,1,1,215
3217,6,1,1,215
3218,8,1,1,215
3219,10,1,1,215
3220,11,1,1,215
3221,1,1,1,215
3222,2,2,5,215
3223,3,1,1,216
3224,14,1,1,216
3225,13,1,1,216
3226,7,1,1,216
3227,4,1,1,216
3228,15,1,1,216
3229,12,1,1,216
3230,9,1,1,216
3231,101,1,1,216
3232,6,1,1,216
3233,8,1,1,216
3234,10,1,1,216
3235,11,1,1,216
3236,1,1,1,216
3237,2,2,5,216
3238,3,1,1,217
3239,14,1,1,217
3240,13,1,1,217
3241,7,1,1,217
3242,4,1,1,217
3243,15,1,1,217
3244,12,1,1,217
3245,9,1,1,217
3246,101,1,1,217
3247,6,1,1,217
3248,8,1,1,217
3249,10,1,1,217
3250,11,1,1,217
3251,1,1,1,217
3252,2,2,5,217
3253,3,1,1,218
3254,14,1,1,218
3255,13,1,1,218
3256,7,1,1,218
3257,4,1,1,218
3258,15,1,1,218
3259,12,1,1,218
3260,9,1,1,218
3261,101,1,1,218
3262,6,1,1,218
3263,8,1,1,218
3264,10,1,1,218
3265,11,1,1,218
3266,1,1,1,218
3267,2,2,5,218
3268,3,1,1,219
3269,14,1,1,219
3270,13,1,1,219
3271,7,1,1,219
3272,4,1,1,219
3273,15,1,1,219
3274,12,1,1,219
3275,9,1,1,219
3276,101,1,1,219
3277,6,1,1,219
3278,8,1,1,219
3279,10,1,1,219
3280,11,1,1,219
3281,1,1,1,219
3282,2,2,5,219
3283,3,2,5,220
3284,14,2,5,220
3285,13,2,5,220
3286,7,2,5,220
3287,4,2,5,220
3288,15,2,5,220
3289,12,2,5,220
3290,9,2,5,220
3291,101,2,5,220
3292,6,2,5,220
3293,8,2,5,220
3294,10,2,5,220
3295,11,2,5,220
3296,1,2,5,220
3297,2,2,5,220
3298,3,2,5,221
3299,14,2,5,221
3300,13,2,5,221
3301,7,2,5,221
3302,4,2,5,221
3303,15,2,5,221
3304,12,2,5,221
3305,9,2,5,221
3306,101,2,5,221
3307,6,2,5,221
3308,8,2,5,221
3309,10,2,5,221
3310,11,2,5,221
3311,1,2,8,221
3312,2,2,5,221
3313,3,2,5,222
3314,14,2,5,222
3315,13,2,5,222
3316,7,2,5,222
3317,4,2,5,222
3318,15,2,5,222
3319,12,2,5,222
3320,9,2,5,222
3321,101,2,5,222
3322,6,2,5,222
3323,8,2,5,222
3324,10,2,5,222
3325,11,2,5,222
3326,1,2,5,222
3327,2,2,5,222
3328,3,1,1,223
3329,14,1,1,223
3330,13,1,1,223
3331,7,1,1,223
3332,4,1,1,223
3333,15,1,1,223
3334,12,1,1,223
3335,9,1,1,223
3336,101,1,1,223
3337,6,1,1,223
3338,8,1,1,223
3339,10,1,1,223
3340,11,1,1,223
3341,1,1,1,223
3342,2,2,5,223
3343,3,1,1,224
3344,14,1,1,224
3345,13,1,1,224
3346,7,1,1,224
3347,4,1,1,224
3348,15,1,1,224
3349,12,1,1,224
3350,9,1,1,224
3351,101,1,1,224
3352,6,1,1,224
3353,8,1,1,224
3354,10,1,1,224
3355,11,1,1,224
3356,1,1,1,224
3357,2,2,5,224
3358,3,2,5,225
3359,14,2,5,225
3360,13,2,5,225
3361,7,2,5,225
3362,4,2,5,225
3363,15,2,5,225
3364,12,2,5,225
3365,9,2,5,225
3366,101,2,5,225
3367,6,2,5,225
3368,8,2,5,225
3369,10,2,5,225
3370,11,2,5,225
3371,1,2,5,225
3372,2,2,5,225
3373,3,2,5,226
3374,14,2,5,226
3375,13,2,5,226
3376,7,2,5,226
3377,4,2,5,226
3378,15,2,5,226
3379,12,2,5,226
3380,9,2,5,226
3381,101,2,5,226
3382,6,2,5,226
3383,8,2,5,226
3384,10,2,5,226
3385,11,2,5,226
3386,1,2,5,226
3387,2,2,5,226
3388,3,2,5,227
3389,14,2,5,227
3390,13,2,5,227
3391,7,2,5,227
3392,4,2,5,227
3393,15,2,5,227
3394,12,2,5,227
3395,9,2,5,227
3396,101,2,5,227
3397,6,2,5,227
3398,8,2,5,227
3399,10,2,5,227
3400,11,2,5,227
3401,1,2,5,227
3402,2,2,5,227
3403,3,1,1,228
3404,14,1,1,228
3405,13,1,1,228
3406,7,1,1,228
3407,4,1,1,228
3408,15,1,1,228
3409,12,1,1,228
3410,9,1,1,228
3411,101,1,1,228
3412,6,1,1,228
3413,8,1,1,228
3414,10,1,1,228
3415,11,1,1,228
3416,1,1,1,228
3417,2,2,5,228
3418,3,1,1,229
3419,14,1,1,229
3420,13,1,1,229
3421,7,1,1,229
3422,4,1,1,229
3423,15,1,1,229
3424,12,1,1,229
3425,9,1,1,229
3426,101,1,1,229
3427,6,1,1,229
3428,8,1,1,229
3429,10,1,1,229
3430,11,1,1,229
3431,1,1,1,229
3432,2,2,5,229
3433,3,1,1,230
3434,14,1,1,230
3435,13,1,1,230
3436,7,1,1,230
3437,4,1,1,230
3438,15,1,1,230
3439,12,1,1,230
3440,9,1,1,230
3441,101,1,1,230
3442,6,1,1,230
3443,8,1,1,230
3444,10,1,1,230
3445,11,1,1,230
3446,1,1,1,230
3447,2,2,5,230
3448,3,1,1,231
3449,14,1,1,231
3450,13,1,1,231
3451,7,1,1,231
3452,4,1,1,231
3453,15,1,1,231
3454,12,1,1,231
3455,9,1,1,231
3456,101,1,1,231
3457,6,1,1,231
3458,8,1,1,231
3459,10,1,1,231
3460,11,1,1,231
3461,1,1,1,231
3462,2,2,5,231
3463,3,1,1,232
3464,14,1,1,232
3465,13,1,1,232
3466,7,1,1,232
3467,4,1,1,232
3468,15,1,1,232
3469,12,1,1,232
3470,9,1,1,232
3471,101,1,1,232
3472,6,1,1,232
3473,8,1,1,232
3474,10,1,1,232
3475,11,1,1,232
3476,1,1,1,232
3477,2,2,5,232
3478,3,1,1,233
3479,14,1,1,233
3480,13,1,1,233
3481,7,1,1,233
3482,4,1,1,233
3483,15,1,1,233
3484,12,1,1,233
3485,9,1,1,233
3486,101,1,1,233
3487,6,1,1,233
3488,8,1,1,233
3489,10,1,1,233
3490,11,1,1,233
3491,1,1,1,233
3492,2,2,5,233
3493,3,1,1,234
3494,14,1,1,234
3495,13,1,1,234
3496,7,1,1,234
3497,4,1,1,234
3498,15,1,1,234
3499,12,1,1,234
3500,9,1,1,234
3501,101,1,1,234
3502,6,1,1,234
3503,8,1,1,234
3504,10,1,1,234
3505,11,1,1,234
3506,1,1,1,234
3507,2,2,5,234
3508,3,1,1,235
3509,14,1,1,235
3510,13,1,1,235
3511,7,1,1,235
3512,4,1,1,235
3513,15,1,1,235
3514,12,1,1,235
3515,9,1,1,235
3516,101,1,1,235
3517,6,1,1,235
3518,8,1,1,235
3519,10,1,1,235
3520,11,1,1,235
3521,1,1,1,235
3522,2,2,5,235
3523,3,1,1,236
3524,14,1,1,236
3525,13,1,1,236
3526,7,1,1,236
3527,4,1,1,236
3528,15,1,1,236
3529,12,1,1,236
3530,9,1,1,236
3531,101,1,1,236
3532,6,1,1,236
3533,8,1,1,236
3534,10,1,1,236
3535,11,1,1,236
3536,1,1,1,236
3537,2,2,5,236
3538,3,1,1,237
3539,14,1,1,237
3540,13,1,1,237
3541,7,1,1,237
3542,4,1,1,237
3543,15,1,1,237
3544,12,1,1,237
3545,9,1,1,237
3546,101,1,1,237
3547,6,1,1,237
3548,8,1,1,237
3549,10,1,1,237
3550,11,1,1,237
3551,1,1,1,237
3552,2,2,5,237
3553,3,1,1,238
3554,14,1,1,238
3555,13,1,1,238
3556,7,1,1,238
3557,4,1,1,238
3558,15,1,1,238
3559,12,1,1,238
3560,9,1,1,238
3561,101,1,1,238
3562,6,1,1,238
3563,8,1,1,238
3564,10,1,1,238
3565,11,1,1,238
3566,1,1,1,238
3567,2,2,5,238
